Datetime,Water Level (m)
2025-11-22 00:00:00,1.2975791e-07
2025-11-22 01:00:00,9.618462e-08
2025-11-22 02:00:00,5.248141e-08
2025-11-22 03:00:00,7.7427496e-09
2025-11-22 04:00:00,-3.173061e-08
2025-11-22 05:00:00,-6.285109e-08
2025-11-22 06:00:00,-8.530806e-08
2025-11-22 07:00:00,-9.712067e-08
2025-11-22 08:00:00,-9.88942e-08
2025-11-22 09:00:00,-9.494385e-08
2025-11-22 10:00:00,-9.491606e-08
2025-11-22 11:00:00,-1.05716076e-07
2025-11-22 12:00:00,-1.2932358e-07
2025-11-22 13:00:00,-1.6406474e-07
2025-11-22 14:00:00,-2.0595375e-07
2025-11-22 15:00:00,-2.457547e-07
2025-11-22 16:00:00,-2.7980323e-07
2025-11-22 17:00:00,-3.080951e-07
2025-11-22 18:00:00,-3.2756202e-07
2025-11-22 19:00:00,-3.3773608e-07
2025-11-22 20:00:00,-3.3911704e-07
2025-11-22 21:00:00,-3.390542e-07
2025-11-22 22:00:00,-3.4787334e-07
2025-11-22 23:00:00,-3.6989013e-07
2025-11-23 00:00:00,-4.1318626e-07
2025-11-23 01:00:00,-4.7871043e-07
2025-11-23 02:00:00,-5.5705226e-07
2025-11-23 03:00:00,-6.3967235e-07
2025-11-23 04:00:00,-7.167262e-07
2025-11-23 05:00:00,-7.6556904e-07
2025-11-23 06:00:00,-8.1494676e-07
2025-11-23 07:00:00,-8.385221e-07
2025-11-23 08:00:00,-8.5640147e-07
2025-11-23 09:00:00,-8.722881e-07
2025-11-23 10:00:00,-8.874719e-07
2025-11-23 11:00:00,-9.095251e-07
2025-11-23 12:00:00,-9.394793e-07
2025-11-23 13:00:00,-9.722853e-07
2025-11-23 14:00:00,-1.0091516e-06
2025-11-23 15:00:00,-1.0546879e-06
2025-11-23 16:00:00,-1.1014871e-06
2025-11-23 17:00:00,-1.1320708e-06
2025-11-23 18:00:00,-1.1575794e-06
2025-11-23 19:00:00,-1.1790435e-06
2025-11-23 20:00:00,-1.1916501e-06
2025-11-23 21:00:00,-1.1975033e-06
2025-11-23 22:00:00,-1.206154e-06
2025-11-23 23:00:00,-1.2214126e-06
2025-11-24 00:00:00,-1.2482408e-06
2025-11-24 01:00:00,-1.2956381e-06
2025-11-24 02:00:00,-1.3574751e-06
2025-11-24 03:00:00,-1.4226796e-06
2025-11-24 04:00:00,-1.4856279e-06
2025-11-24 05:00:00,-1.5441113e-06
2025-11-24 06:00:00,-1.594095e-06
2025-11-24 07:00:00,-1.6425752e-06
2025-11-24 08:00:00,-1.6811628e-06
2025-11-24 09:00:00,-1.7118168e-06
2025-11-24 10:00:00,-1.7322418e-06
2025-11-24 11:00:00,-1.7465293e-06
2025-11-24 12:00:00,-1.7623827e-06
2025-11-24 13:00:00,-1.7830298e-06
2025-11-24 14:00:00,-1.8104289e-06
2025-11-24 15:00:00,-1.8432502e-06
2025-11-24 16:00:00,-1.8758127e-06
2025-11-24 17:00:00,-1.9045775e-06
2025-11-24 18:00:00,-1.9535198e-06
2025-11-24 19:00:00,-1.9832185e-06
2025-11-24 20:00:00,-1.9994122e-06
2025-11-24 21:00:00,-2.0094951e-06
2025-11-24 22:00:00,-2.0146426e-06
2025-11-24 23:00:00,-2.0217428e-06
2025-11-25 00:00:00,-2.038819e-06
2025-11-25 01:00:00,-2.0679875e-06
2025-11-25 02:00:00,-2.3252635e-06
2025-11-25 03:00:00,1.2659928e-05
2025-11-25 04:00:00,0.07304531
2025-11-25 05:00:00,0.11800152
2025-11-25 06:00:00,0.11834375
2025-11-25 07:00:00,0.116473965
2025-11-25 08:00:00,0.120767534
2025-11-25 09:00:00,0.1186991
2025-11-25 10:00:00,0.117325455
2025-11-25 11:00:00,0.12294088
2025-11-25 12:00:00,0.1276618
2025-11-25 13:00:00,0.1303496
2025-11-25 14:00:00,0.13261586
2025-11-25 15:00:00,0.14046785
2025-11-25 16:00:00,0.1422515
2025-11-25 17:00:00,0.1418965
2025-11-25 18:00:00,0.14261737
2025-11-25 19:00:00,0.14506264
2025-11-25 20:00:00,0.14331178
2025-11-25 21:00:00,0.1393776
2025-11-25 22:00:00,0.13781495
2025-11-25 23:00:00,0.13702558
2025-11-26 00:00:00,0.13952748
2025-11-26 01:00:00,0.14465082
2025-11-26 02:00:00,0.1505552
2025-11-26 03:00:00,0.15586914
2025-11-26 04:00:00,0.1592274
2025-11-26 05:00:00,0.16377424
2025-11-26 06:00:00,0.16782735
2025-11-26 07:00:00,0.17112888
2025-11-26 08:00:00,0.17313126
2025-11-26 09:00:00,0.17327823
2025-11-26 10:00:00,0.17193703
2025-11-26 11:00:00,0.16835852
2025-11-26 12:00:00,0.16713582
2025-11-26 13:00:00,0.16759695
2025-11-26 14:00:00,0.1691039
2025-11-26 15:00:00,0.17077456
2025-11-26 16:00:00,0.17610052
2025-11-26 17:00:00,0.18079321
2025-11-26 18:00:00,0.1847765
2025-11-26 19:00:00,0.18777603
2025-11-26 20:00:00,0.18910074
2025-11-26 21:00:00,0.18879947
2025-11-26 22:00:00,0.18786684
2025-11-26 23:00:00,0.18783766
2025-11-27 00:00:00,0.1902272
2025-11-27 01:00:00,0.1943139
2025-11-27 02:00:00,0.19978039
2025-11-27 03:00:00,0.20586598
2025-11-27 04:00:00,0.21262836
2025-11-27 05:00:00,0.21973613
2025-11-27 06:00:00,0.2256023
2025-11-27 07:00:00,0.22949737
2025-11-27 08:00:00,0.23265535
2025-11-27 09:00:00,0.23521468
2025-11-27 10:00:00,0.23630473
2025-11-27 11:00:00,0.23687157
2025-11-27 12:00:00,0.23749633
2025-11-27 13:00:00,0.23883192
2025-11-27 14:00:00,0.24121653
2025-11-27 15:00:00,0.24431013
2025-11-27 16:00:00,0.249215
2025-11-27 17:00:00,0.25460944
2025-11-27 18:00:00,0.25779805
2025-11-27 19:00:00,0.26009223
2025-11-27 20:00:00,0.26129964
2025-11-27 21:00:00,0.2601425
2025-11-27 22:00:00,0.2590914
2025-11-27 23:00:00,0.2581033
2025-11-28 00:00:00,0.25902662
